rank,gpu_name,vendor,arch,index,fps_valorant_4k_high,vram_gb,bandwidth_gbs,tdp_w
1,GeForce RTX 5090,NVIDIA,Blackwell,230.8,1072.4,32,1792.0,575
2,GeForce RTX 4090,NVIDIA,Ada,173.2,804.7,24,1008.0,450
3,GeForce RTX 5080,NVIDIA,Blackwell,123.9,575.7,16,960.0,360
4,GeForce RTX 4080 SUPER,NVIDIA,Ada,112.4,522.0,16,736.0,320
5,GeForce RTX 4080,NVIDIA,Ada,105.8,491.7,16,716.8,320
6,Radeon RX 7900 XTX,AMD,RDNA3,104.0,483.0,24,960.0,355
7,GeForce RTX 5070 Ti,NVIDIA,Blackwell,100.6,467.5,16,896.0,300
8,Radeon RX 9070 XT,AMD,RDNA4,100.0,464.6,16,640.0,304
9,GeForce RTX 4070 Ti SUPER,NVIDIA,Ada,95.3,442.6,16,672.0,285
10,Radeon RX 7900 XT,AMD,RDNA3,86.2,400.3,20,800.0,300
11,GeForce RTX 4070 Ti,NVIDIA,Ada,83.0,385.7,12,504.0,285
12,GeForce RTX 3090 Ti,NVIDIA,Ampere,81.0,376.4,24,1008.0,450
13,Radeon RX 9070,AMD,RDNA4,79.8,370.6,16,640.0,220
14,Radeon RX 6950 XT,AMD,RDNA2,75.8,352.0,16,576.0,335
15,GeForce RTX 4070 SUPER,NVIDIA,Ada,75.5,350.6,12,504.0,220
16,GeForce RTX 3090,NVIDIA,Ampere,72.8,338.1,24,936.0,350
17,Radeon RX 7900 GRE,AMD,RDNA3,72.4,336.1,16,576.0,260
18,Radeon RX 6900 XT,AMD,RDNA2,72.3,336.0,16,512.0,300
19,GeForce RTX 5070,NVIDIA,Blackwell,71.7,333.2,12,672.0,250
20,GeForce RTX 3080 Ti,NVIDIA,Ampere,70.0,325.2,12,912.0,350
21,Radeon RX 6800 XT,AMD,RDNA2,66.6,309.5,16,512.0,300
22,GeForce RTX 3080 12GB,NVIDIA,Ampere,64.4,299.2,12,912.0,350
23,GeForce RTX 4070,NVIDIA,Ada,64.1,297.7,12,504.0,200
24,Radeon RX 7800 XT,AMD,RDNA3,62.6,290.8,16,624.0,263
25,GeForce RTX 3080 10GB,NVIDIA,Ampere,60.5,281.0,10,760.0,320
26,Radeon RX 6800,AMD,RDNA2,54.9,254.9,16,512.0,250
27,Radeon RX 7700 XT,AMD,RDNA3,54.4,252.7,12,432.0,245
28,GeForce RTX 5060 Ti 8GB,NVIDIA,Blackwell,53.4,248.0,8,448.0,180
29,GeForce RTX 5060 Ti 16GB,NVIDIA,Blackwell,53.4,248.0,16,448.0,180
30,Radeon RX 9060 XT 8GB,AMD,RDNA4,50.7,235.6,8,320.0,150
31,Radeon RX 9060 XT 16GB,AMD,RDNA4,50.7,235.6,16,320.0,160
32,GeForce RTX 2080 Ti,NVIDIA,Turing,47.9,222.6,11,616.0,250
33,GeForce RTX 4060 Ti 8GB,NVIDIA,Ada,45.4,211.1,8,288.0,160
34,GeForce RTX 4060 Ti 16GB,NVIDIA,Ada,45.4,211.1,16,288.0,165
35,GeForce RTX 5060,NVIDIA,Blackwell,45.3,210.2,8,448.0,145
36,GeForce RTX 3070 Ti,NVIDIA,Ampere,45.1,209.4,8,608.0,290
37,Radeon RX 6750 XT,AMD,RDNA2,44.4,206.5,12,432.0,250
38,Radeon RX 6700 XT,AMD,RDNA2,43.1,200.0,12,384.0,230
39,GeForce RTX 3070,NVIDIA,Ampere,40.0,185.7,8,448.0,220
40,GeForce RTX 2080 SUPER,NVIDIA,Turing,39.5,183.4,8,496.0,250
41,GeForce GTX 1080 Ti,NVIDIA,Pascal,35.7,165.7,11,484.0,250
42,GeForce RTX 2080,NVIDIA,Turing,35.6,165.6,8,448.0,215
43,Radeon RX 7600 XT,AMD,RDNA3,34.7,161.3,16,288.0,190
44,Radeon RX 7600,AMD,RDNA3,33.7,156.7,8,288.0,165
45,GeForce RTX 3060 Ti,NVIDIA,Ampere,33.5,155.6,8,448.0,200
46,GeForce RTX 4060,NVIDIA,Ada,33.2,154.0,8,272.0,115
47,GeForce RTX 2070 SUPER,NVIDIA,Turing,32.8,152.5,8,448.0,215
48,Radeon RX 6650 XT,AMD,RDNA2,32.6,151.4,8,280.0,180
49,Radeon RX 6600 XT,AMD,RDNA2,31.5,146.4,8,256.0,160
50,GeForce RTX 5050,NVIDIA,Blackwell,31.3,145.6,8,320.0,130
51,Radeon RX 5700 XT,AMD,RDNA,30.0,139.2,8,448.0,225
52,GeForce RTX 2070,NVIDIA,Turing,28.2,131.1,8,448.0,175
53,GeForce RTX 2060 SUPER,NVIDIA,Turing,27.4,127.2,8,448.0,175
54,GeForce GTX 1080,NVIDIA,Pascal,26.9,124.9,8,320.0,180
55,Radeon RX 6600,AMD,RDNA2,26.8,124.3,8,224.0,132
56,GeForce RTX 3060 12GB,NVIDIA,Ampere,26.5,122.9,12,360.0,170
57,GeForce RTX 2060 12GB,NVIDIA,Turing,25.7,119.4,12,336.0,184
58,Radeon RX 5700,AMD,RDNA,25.5,118.6,8,448.0,180
59,GeForce RTX 3060 8GB,NVIDIA,Ampere,24.2,112.5,8,240.0,170
60,GeForce GTX 1070 Ti,NVIDIA,Pascal,24.0,111.7,8,256.0,180
61,GeForce RTX 2060 6GB,NVIDIA,Turing,23.6,109.8,6,336.0,160
62,Radeon RX 5600 XT,AMD,RDNA,22.1,102.5,6,288.0,150
63,GeForce GTX 1070,NVIDIA,Pascal,20.0,92.9,8,256.0,150
64,GeForce GTX 1660 Ti,NVIDIA,Turing,20.0,92.9,6,288.0,120
65,GeForce GTX 1660 SUPER,NVIDIA,Turing,19.5,90.4,6,336.0,125
66,GeForce RTX 3050 8GB,NVIDIA,Ampere,18.3,85.2,8,224.0,130
67,GeForce GTX 1660,NVIDIA,Turing,17.2,79.9,6,192.0,120
68,Radeon RX 6500 XT,AMD,RDNA2,17.0,79.0,4,144.0,107
69,Radeon RX 5500 XT 4GB,AMD,RDNA,15.7,73.1,4,224.0,130
70,Radeon RX 5500 XT 8GB,AMD,RDNA,15.7,73.1,8,224.0,130
71,GeForce GTX 1650 SUPER,NVIDIA,Turing,15.6,72.3,4,192.0,100
72,GeForce GTX 1060 6GB,NVIDIA,Pascal,13.8,64.3,6,192.0,120
73,GeForce RTX 3050 6GB,NVIDIA,Ampere,13.7,63.5,6,168.0,70
74,GeForce GTX 1060 3GB,NVIDIA,Pascal,12.7,59.2,3,192.0,120
75,Radeon RX 6400,AMD,RDNA2,11.4,52.9,4,128.0,53
76,GeForce GTX 1650 (GDDR6),NVIDIA,Turing,11.1,51.3,4,192.0,75
77,GeForce GTX 1650 (GDDR5),NVIDIA,Turing,10.5,48.7,4,128.0,75
78,GeForce GTX 1050 Ti,NVIDIA,Pascal,7.0,32.7,4,112.0,75
